evalnum,startTime,endTime,cost,x,key,status,elapsed_time
0,1571322648,1571322741,18.176288,"['a', 'a']",000_00000.dat,0,93.03510665893555
