evalnum,startTime,endTime,cost,x,key,status,elapsed_time
0,1571322742,1571322897,28.852404,"['b', 'b']",000_00000.dat,0,154.47903180122375
