evalnum,startTime,endTime,cost,x,key,status,elapsed_time
0,1555835386,1555835434,46.233,"['a', 'a', 'a']",000_00000.dat,0,48.44911742210388
1,1555835434,1555835485,48.739,"['b', 'c', 'a']",000_00001.dat,0,99.4680860042572
2,1555835485,1555835535,47.267,"['b', 'a', 'c']",000_00002.dat,0,149.01929783821106
