evalnum,startTime,endTime,cost,x,key,status,elapsed_time
0,1569013739,1569013769,20.794001,"['a', 'a']",000_00000.dat,0,29.515444040298462
1,1569013769,1569013795,19.91093,"['b', 'd']",000_00001.dat,0,55.412774085998535
2,1569013795,1569013822,20.853753,"['b', 'b']",000_00002.dat,0,82.24245142936707
