evalnum,startTime,endTime,cost,x,key,status,elapsed_time
0,1555836526,1555836528,0.115,"['a', 'a']",000_00000.dat,0,2.1152422428131104
1,1555836528,1555836530,0.069,"['b', 'c']",000_00001.dat,0,4.204211473464966
2,1555836530,1555836532,0.148,"['b', 'a']",000_00002.dat,0,6.184950113296509
3,1555836532,1555836534,0.076,"['a', 'c']",000_00003.dat,0,8.213379383087158
4,1555836534,1555836536,0.149,"['c', 'a']",000_00004.dat,0,10.241282224655151
