evalnum,startTime,endTime,cost,x,key,status,elapsed_time
0,1571322970,1571322981,1.899581,"['a', 'a']",000_00000.dat,0,11.29046106338501
1,1571322981,1571322990,1.312224,"['c', 'e']",000_00001.dat,0,19.60477900505066
2,1571322990,1571323001,2.042741,"['b', 'b']",000_00002.dat,0,31.499584674835205
