evalnum,startTime,endTime,cost,x,key,status,elapsed_time
0,1569013503,1569013511,0.002608,['a'],000_00000.dat,0,8.022717237472534
1,1569013511,1569013517,0.003069,['b'],000_00001.dat,0,14.064941167831421
2,1569013517,1569013523,0.00302,['b'],000_00002.dat,0,19.98985004425049
3,1569013523,1569013529,0.003024,['b'],000_00003.dat,0,25.68002462387085
4,1569013529,1569013535,0.003294,['d'],000_00004.dat,0,31.54614520072937
5,1569013535,1569013540,0.003247,['b'],000_00005.dat,0,37.44941282272339
6,1569013540,1569013547,0.003309,['d'],000_00006.dat,0,43.62688207626343
7,1569013547,1569013553,0.002263,['b'],000_00007.dat,0,49.67855739593506
8,1569013553,1569013559,0.003038,['b'],000_00008.dat,0,55.6214656829834
9,1569013559,1569013566,0.003211,['a'],000_00009.dat,0,62.679646492004395
