evalnum,startTime,endTime,cost,x,key,status,elapsed_time
0,1571323003,1571323023,2.165131,"['a', 'a']",000_00000.dat,0,20.376031637191772
1,1571323023,1571323037,1.491499,"['c', 'e']",000_00001.dat,0,34.17727780342102
