evalnum,startTime,endTime,cost,x,key,status,elapsed_time
0,1569136774,1569136779,0.00211,['a'],000_00000.dat,0,6.061625957489014
1,1569136780,1569136785,0.0031,['c'],000_00001.dat,0,11.936208724975586
2,1569136785,1569136791,0.003274,['b'],000_00002.dat,0,17.919057607650757
3,1569136791,1569136798,0.003024,['b'],000_00003.dat,0,24.875380992889404
4,1569136798,1569136806,0.003286,['e'],000_00004.dat,0,32.6717483997345
5,1569136806,1569136813,0.003246,['b'],000_00005.dat,0,39.5706627368927
6,1569136813,1569136820,0.003288,['e'],000_00006.dat,0,46.785311460494995
7,1569136820,1569136826,0.002074,['b'],000_00007.dat,0,52.47651720046997
8,1569136826,1569136832,0.002966,['c'],000_00008.dat,0,58.355045795440674
9,1569136832,1569136838,0.003029,['b'],000_00009.dat,0,64.3852767944336
10,1569136839,1569136844,0.003292,['e'],000_00010.dat,0,71.02341318130493
11,1569136845,1569136852,0.001901,['b'],000_00011.dat,0,78.62027525901794
12,1569136853,1569136860,0.003026,['b'],000_00012.dat,0,86.09061241149902
13,1569136860,1569136866,0.00284,['b'],000_00013.dat,0,92.70143723487854
