evalnum,startTime,endTime,cost,x,key,status,elapsed_time
0,1556670513,1556670968,452.52503,"['a', 'a', 'a']",000_00000.dat,0,455.0443925857544
1,1556670968,1556671423,452.556534,"['a', 'c', 'a']",000_00001.dat,0,910.1110897064209
2,1556671423,1556671890,464.47193,"['a', 'a', 'c']",000_00002.dat,0,1377.0970830917358
