evalnum,startTime,endTime,cost,x,key,status,elapsed_time
0,1555838607,1555838615,5.6,"['a', 'a', 'a']",000_00000.dat,0,7.819913148880005
1,1555838615,1555838623,5.597,"['b', 'c', 'a']",000_00001.dat,0,15.64064073562622
2,1555838623,1555838631,5.6,"['b', 'a', 'c']",000_00002.dat,0,23.454943656921387
3,1555838631,1555838638,5.605,"['a', 'c', 'a']",000_00003.dat,0,31.279425144195557
4,1555838638,1555838646,5.589,"['c', 'a', 'a']",000_00004.dat,0,39.09455347061157
5,1555838646,1555838654,5.647,"['a', 'c', 'b']",000_00005.dat,0,46.96529030799866
6,1555838654,1555838662,5.597,"['c', 'b', 'c']",000_00006.dat,0,54.78078079223633
7,1555838662,1555838670,5.629,"['b', 'b', 'b']",000_00007.dat,0,62.63481044769287
