evalnum,startTime,endTime,cost,x,key,status,elapsed_time
0,1569014941,1569014969,20.116887,"['a', 'a']",000_00000.dat,0,28.424609899520874
1,1569014969,1569014997,19.668188,"['b', 'd']",000_00001.dat,0,56.21249794960022
2,1569014997,1569015023,19.808388,"['b', 'b']",000_00002.dat,0,82.06719136238098
